"";"Video.Title";"Poster";"Collaberator.1";"Collaborator.2";"Collaborator.3";"Collaborator.4"
"1";"The Worst ""Viral Videos"" with Drew Gooden";"Danny Gonzalez";"Drew Gooden";"";"";""
"2";"Big Staple Ft. Danny Gonzalez & Drew Gooden";"Cody Ko";"Danny Gonzalez";"Drew Gooden";"";""
"3";"Guys Talk (w/ Danny Gonzalez)";"Drew Gooden";"Danny Gonzalez";"";"";""
"4";"Danny Gonzalez and Drew Gooden do my makeup";"Mikaela Long";"Danny Gonzalez";"Drew Gooden";"";""
"5";"Exploring Facebook Marketplace with Danny Gonzalez";"Drew Gooden";"Danny Gonzalez";"";"";""
"6";"The Strangest Story On The Internet (w/ Drew Gooden)";"Danny Gonzalez";"Drew Gooden";"";"";""
"7";"The World's Hardest Flexer (with Danny Gonzalez)";"Drew Gooden";"Danny Gonzalez";"";"";""
"8";"We Are Not The Same Person";"Danny Gonzalez";"Drew Gooden";"Kurtis Conner";"";""
"9";"Pretending to be Your Boyfriend (with Danny Gonzalez)";"Drew Gooden";"Danny Gonzalez";"";"";""
"10";"We Are Not The Same Person (MUSIC VIDEO ONLY)";"Danny Gonzalez";"Drew Gooden";"";"";""
"11";"Third Wheeling With Your Own Girlfriend (with Drew Gooden)";"Danny Gonzalez";"Drew Gooden";"";"";""
"12";"Getting Sent to the Principal's Office with Danny Gonzalez";"Drew Gooden";"Danny Gonzalez";"";"";""
"13";"The Jeremy Renner App (w/ Drew Gooden)";"Danny Gonzalez";"Drew Gooden";"";"";""
"14";"Drew Gooden & Danny Gonzalez Goof Hour!";"Vidcon";"Drew Gooden";"Danny Gonzalez";"Kurtis Conner";""
"15";"The Ultimate Commentary Video (w/ Kurtis Conner and Danny Gonzalez)";"Drew Gooden";"Danny Gonzalez";"Kurtis Conner";"";""
"16";"Insane Relationship TikToks (w/ Danny Gonzalez & Drew Gooden)";"Kurtis Conner";"Drew Gooden";"Danny Gonzalez";"";""
"17";"Pitbull's Awful Lyrics (w/ Drew Gooden and Kurtis Conner)";"Danny Gonzalez";"Drew Gooden";"Kurtis Conner";"";""
"18";"This is the weirdest movie I've ever seen";"Drew Gooden";"Kurtis Conner";"Danny Gonzalez";"";""
"19";"YouTuber Boxing (and other things that make me laugh)";"Drew Gooden";"Danny Gonzalez";"";"";""
"20";"i finally made a viral tiktok sound (w/ kurtis conner)";"Danny Gonzalez";"Kurtis Conner";"";"";""
"21";"Super Agent ft. Danny Gonzalez - SPYFALL";"Node";"Danny Gonzalez";"";"";""
"22";"Shouldn't Tell - with Cody Ko";"Danny Gonzalez";"Cody Ko";"";"";""
"23";"I spent a day with LEGENDARY MODERN YOUTUBERS (Danny Gonzalez, Drew Gooden, Joana Ceddia)";"Anthony Padilla";"Danny Gonzalez";"Drew Gooden";"Joana Ceddia";""
"24";"YouTube Stars Drew Gooden, Danny Gonzalez React to Viral Fla. Videos | NBC 6";"NBC 6 South Florida";"Danny Gonzalez";"Drew Gooden";"";""
"25";"WARM UPS - [Danny Gonzalez] Ft. J Cyrus, Cody Ko & Noel Miller";"Danny Gonzalez";"J Cyrus";"Cody Ko";"Noel Miller";""
"26";"A NEW KIND OF INFLUENCER";"Danny Gonzalez";"Cody Ko";"Nico Danilovich";"";""
"27";"Awful Instagram ""Facts"" (ft. Danny Gonzalez)";"Ryan Trahan";"Danny Gonzalez";"";"";""
"28";"Deeply Troubling WikiHow Articles (w/ Ryan Trahan)";"Danny Gonzalez";"Ryan Trahan";"";"";""
"29";"Faking a Kidnapping for Content (w/ Danny Gonzalez)";"Jarvis Johnson";"Danny Gonzalez";"";"";""
"30";"Guess the Wikihow Article (with Danny Gonzalez)";"Jacks Films";"Danny Gonzalez";"";"";""
"31";"Ranking Scary Mascots w Danny Gonzalez";"Cody Ko";"Danny Gonzalez";"";"";""
"32";"How To Be A Fragrance Influencer (w/ Danny Gonzalez)";"nickisnotgreen";"Danny Gonzalez";"";"";""
"33";"Alpha Tips & Tricks";"Chad Chad";"Danny Gonzalez";"";"";""
"34";"Becoming a Duck Influencer (w/ Danny Gonzalez) ";"Jarvis Johnson";"Danny Gonzalez";"";"";""
"35";"Danny Gonzalez Hates My Favorite TikToks";"Jake Doolittle";"Danny Gonzalez";"";"";""
"36";"TooTurntTony Update (w/ Danny Gonzalez)";"Jarvis Johnson";"Danny Gonzalez";"";"";""
"37";"Animated Stories With Very Good Nice Morals (w/ Chad Chad)";"Danny Gonzalez";"Chad Chad";"";"";""
"38";"How To Be A Water Influencer";"nickisnotgreen";"Danny Gonzalez";"";"";""
"39";"Catching up w/ Danny Gonzalez";"Cody Ko";"Danny Gonzalez";"";"";""
"40";"Very Really Good #94: The MasterClass w/ Danny Gonzalez";"Kurtis Conner";"Danny Gonzalez";"";"";""
"41";"Danny Gonzalez - H3 Podcast #213";"H3 Podcast";"Danny Gonzalez";"";"";""
"42";"The CRINGIEST Incel Rapper (w/ Danny Gonzalez)";"Ryan Beard";"Danny Gonzalez";"";"";""
"43";"Danny Gonzalez Answers the Web's Most Searched Questions";"WIRED";"Danny Gonzalez";"";"";""
"44";"Trying Troom Troom's Awful Kidnapping Hacks";"Danny Gonzalez";"nickisnotgreen";"";"";""
"45";"The Search For Danny Gonzalez (w/ Danny Gonzalez)";"Jarvis Johnson";"Danny Gonzalez";"Jordan Adika";"";""
"46";"WATERTOK: The Strangest Community on TikTok";"Kurtis Conner";"Danny Gonzalez";"";"";""
"47";"We Are All The Same Person (w/ Drew Gooden)";"Jarvis Johnson";"Drew Gooden";"Jordan Adika";"";""
"48";"Danny Gonzalez Exclusive - Chuckle Sandwich EP 66";"Chuckle Sandwich";"Danny Gonzalez";"";"";""
"49";"Partying with Danny Gonzalez (ft. Danny Gonzalez) | Foul Tip - Episode 14";"TMG Studios";"Danny Gonzalez";"";"";""
"50";"Exploring NYC With The Pals (ft. Danny Gonzalez and Kurtis Conner)";"Jake Doolittle";"Danny Gonzalez";"Kurtis Conner";"";""
"51";"Danny Gonzalez and the Case of the Disney World Virus";"Gus & Eddy Podcast";"Danny Gonzalez";"";"";""
"52";"Podcast But In Chicago (w/ @Danny-Gonzalez !)";"Podcast But Outside";"Danny Gonzalez";"";"";""
"53";"Meeting Paul Zimmer and Michael Gilgan";"Danny Gonzalez";"Paul Zimmer";"Michael Gilgan";"";""
"54";"We Tried the Internet's Weirdest Toothbrush (w/ Drew Gooden)";"nickisnotgreen";"Drew Gooden";"";"";""
"55";"Is the Portal 2 Portal Purple? (w/ Danny Gonzalez) (pt.1)";"nickisnotgreen";"Danny Gonzalez";"";"";""
"56";"Is Buzzfeed OK? (ft. Drew Gooden)";"";"";"";"";""
"57";"Jarvis Johnson & Kurtis Conner Play Dhar Mann Bingo";"Jarvis Johnson";"Kurtis Conner";"";"";""
"58";"Danny & Kurtis Made a Minecraft Song!|HasanAbi, Kurtis, Austin & Danny React";"Hasan";"Kurtis Conner";"Danny Gonzalez";"Austin";""
"59";"MTV's Show About 'Yo Momma' Jokes Was Low-Key Racist (w/ Kurtis Conner)";"Jarvis Johnson";"Kurtis Conner";"";"";""
"60";"The Laziest Content on Tiktok (w/ Chad Chad)";"Jarvis Johnson";"Chad Chad";"";"";""
"61";"Last To Stop Kissing Wins $10,000 (w/ nickisnotgreen)";"Jarvis Johnson";"nickisnotgreen";"";"";""
"62";"Risking Your Life for TikTok | Dhar Mann Bingo 19 ft. nickisnotgreen";"Jarvis Johnson";"nickisnotgreen";"";"";""
"63";"Jarvis Johnson & Kurtis Conner React to Satanism In Pokemon (ft. Ruxin34)";"Jarvis Johnson";"Kurtis Conner";"";"";""
"64";"Jarvis Johnson Reacts to the Moment of Truth UFO EPISODE (ft. Kurtis Conner)";"Jarvis Johnson";"Kurtis Conner";"";"";""
"65";"Creepy Neighbor POVs (w/ Jarvis Johnson) ";"Chad Chad";"Jarvis Johnson";"";"";""
"66";"The Epidemic of Iphone Predictions w/ Jarvis Johnson";"nickisnotgreen";"Jarvis Johnson";"";"";""
"67";"Who's The Most Drunk? w/ Jarvis Johnson";"nickisnotgreen";"Jarvis Johnson";"";"";""
"68";"Which Foods Taste Best Frozen? (w/ Jarvis Johnson & Elsie Fisher)";"nickisnotgreen";"Jarvis Johnson";"Elsie Fisher";"";""
"69";"$500 Dating Advice (w/ Kurtis Conner)";"nickisnotgreen";"Kurtis Conner";"";"";""
"70";"The Loudest Man On TikTok (w/ Jarvis Johnson)";"nickisnotgreen";"Jarvis Johnson";"";"";""
"71";"Spying On An Alabama Neighborhood w/ Chad Chad";"nickisnotgreen";"Chad Chad";"";"";""
"72";"Why I Stopped Watching Casey Neistat (w/ Jarvis Johnson)";"nickisnotgreen";"Jarvis Johnson";"";"";""
"73";"Who is The Secret Virgin? w/ Jarvis Johnson";"nickisnotgreen";"Jarvis Johnson";"";"";""
"74";"Bestie Picks Bae w/ Jarvis Johnson";"nickisnotgreen";"Jarvis Johnson";"";"";""
"75";"Nick Vs. Danny: The NewsPaper Project";"nickisnotgreen";"Danny Gonzalez";"";"";""
"76";"Fulfilling My Childhood Dream of Becoming a Magician";"Kurtis Conner";"Danny Gonzalez";"Drew Gooden";"";""
"77";"Emergency Storytime w/ Danny Gonzalez - Very Really Good #187";"Kurtis Conner";"Danny Gonzalez";"";"";""
"78";"Very Really Good #98: The Heimlich w/ Drew Gooden";"Kurtis Conner";"Drew Gooden";"";"";""
"79";"DIGTOK (w/ Drew Gooden and Kurtis Conner)";"Danny Gonzalez";"Drew Gooden";"Kurtis Conner";"";""
"80";"Very Really Good #143: Getting Shot in the Face w/ nickisnotgreen";"Kurtis Conner";"nickisnotgreen";"";"";""
"81";"Very Really Good #129: Snorlax is Very Hot (with Jarvis Johnson)";"Kurtis Conner";"Jarvis Johnson";"";"";""
"82";"Playing ""Trolly Problem"" With My Friends";"nickisnotgreen";"Chad Chad";"Jarvis Johnson";"ethanisonline";"Mr. Beard"
"83";"Minecraft with kurtis - Danny Gonzalez Minecraft stream 2021.05.26";"Danny Gonzalez";"Kurtis Conner";"";"";""
"84";"Nick kills Danny then Justice is served - Danny Gonzalez VODs";"Danny Gonzalez";"nickisnotgreen";"";"";""
"85";"Fortnite with Kurtisconner - Danny Gonzalez Twitch stream";"Danny Gonzalez";"Kurtis Conner";"";"";""
"86";"The Minecraft Property Brothers";"Kurtis Conner";"Danny Gonzalez";"";"";""
"87";"Opening a FIRST EDITION $20k Pokemon Booster Box w/ Jarvis Johnson";"Kurtis Conner";"Jarvis Johnson";"";"";""
"88";"WE FOUND A WOODLAND MANSION";"Kurtis Conner";"Jarvis Johnson";"Danny Gonzalez";"";""
"89";"the baddies are fighting";"Kurtis Conner";"Danny Gonzalez";"nickisnotgreen";"Jarvis Johnson";"Elsie Fisher"
"90";"the end.";"Kurtis Conner";"Danny Gonzalez";"";"";""
"91";"I finally did itâ€¦";"Kurtis Conner";"Danny Gonzalez";"";"";""
"92";"the endless hunt for ENDER pearls";"Kurtis Conner";"Danny Gonzalez";"";"";""
"93";"I cannot stop dying";"Kurtis Conner";"Danny Gonzalez";"";"";""
"94";"we finally found a fortress!";"Kurtis Conner";"Danny Gonzalez";"";"";""
"95";"will the baddies ever find blaze rods?";"Kurtis Conner";"Danny Gonzalez";"";"";""
"96";"my first trip to the nether";"Kurtis Conner";"Danny Gonzalez";"";"";""
"97";"the baddies go treasure hunting";"Kurtis Conner";"Danny Gonzalez";"";"";""
"98";"The Most Embaressing College Story (w/ Chad Chad)";"nickisnotgreen";"Chad Chad";"";"";""
"99";"MTV's Weirdest Daring Show (w/ Danny Gonzalez)";"Kurtis Conner";"Danny Gonzalez";"";"";""
"100";"Horrifying Home Design (w/ Chad Chad)";"Jarvis Johnson";"Chad Chad";"";"";""
"101";"Horrifying Home Design 2 (w/ Chad Chad)";"Jarvis Johnson";"Chad Chad";"";"";""
"102";"Becoming Dominant Men (w/ Kurtis Conner) | Sad Boyz";"Jarvis Johnson";"Kurtis Conner";"Jordan Adika";"";""
"103";"Ladylike TikTok is Cringe (w/ Chad Chad) | Sad Boyz";"Jarvis Johnson";"Chad Chad";"";"";""
"104";"birthday surprise!!";"Danny Gonzalez";"Kurtis Conner";"";"";""
"105";"Conservative Wikipedia is Unhinged (ft. Chad Chad)";"ethanisonline";"Chad Chad";"";"";""
"106";"Massive BAZONGAS | Deranged DMs ft. @thechadx2";"abelina sabrina";"Chad Chad";"Gabi Belle";"";""
"107";"The King of Motivational TikToks (w/ TheAsherShow)";"Chad Chad";"TheAsherShow";"";"";""
"108";"Room Raiders Was A Gay Fever Dream w/ Chad Chad";"Annamarie Forcino";"Chad Chad";"";"";""
"109";"Chad Chad Reacts to TikToks Weirdest Secrets.";"TheAsherShow";"Chad Chad";"";"";""
"110";"These are the worst TikTok ""Pickup Artists"" w/chad chad";"TheAsherShow";"Chad Chad";"";"";""
"111";"The Worse Dating Show On Neflix. (Sexy Beasts) ft. ChadChad";"TheAsherShow";"Chad Chad";"";"";""
"112";"Welcome Sister Chad Chad | The Fellowship Covenant Podcast #4";"nickisnotgreen";"Chad Chad";"ethanisonline";"";""
"113";"Drew Gooden Loves My Cursed TikToks";"Jake Doolittle";"Drew Gooden";"";"";""
"114";"A Song for Drew Gooden";"Paint";"Drew Gooden";"";"";""
"115";"People Keep Stealing Our Merch";"Drew Gooden";"Eddy Burback";"";"";""
"116";"Drew Gooden Turned Down $10,000 (ft. Drew Gooden) | Foul Tip - Episode 13";"TMG Studios";"Drew Gooden";"";"";""
"117";"Drew Gooden Answers the Web's Most Searched Questions | WIRED";"WIRED";"Drew Gooden";"";"";""
"118";"The Cringiest E-Boy On Instagram (ft. Kurtis Conner)";"James Marriot";"Kurtis Conner";"";"";""
"119";"The Cringiest Religious Family on TikTok (ft. Kurtis Conner)";"James Marriot";"Kurtis Conner";"";"";""
"120";"Finding the Song of The Summer w/ @kurtisconner";"Saji Sharma";"Kurtis Conner";"";"";""
"121";"Hottest Mario Character? w/ Kurtis Conner";"Jacob Sharpe";"Kurtis Conner";"";"";""
"122";"The Alpha Male Side of TikTok (ft. Kurtis Conner)";"James Marriot";"Kurtis Conner";"";"";""
"123";"The Weirdest Divorce Ever w/ Kurtis Conner";"Cody Ko";"Kurtis Conner";"";"";""
"124";"Youtube Couples Are Getting Out of Hand";"Kurtis Conner";"Jacob Sharpe";"";"";""
"125";"World's Worst TikToks w/ Kurtis Conner";"Cody Ko";"Kurtis Conner";"";"";""
"126";"Debunking Urban Legends w/ Jacob Sharpe";"Kurtis Conner";"Jacob Sharpe";"";"";""
"127";"Checking in With Sebastian Bails";"Kurtis Conner";"Jacob Sharpe";"";"";""
"128";"That Weird TikTok Couple is Way Worse Than We Thought";"Kurtis Conner";"Jacob Sharpe";"";"";""
"129";"Pranking Your Girlfriend Every Single Day";"Kurtis Conner";"Jacob Sharpe";"";"";""
"130";"WE DID A SHOW IN MY HOMETOWN";"Kurtis Conner";"Jacob Sharpe";"";"";""
"131";"The Coin Flip";"Kurtis Conner";"Jacob Sharpe";"Dean";"";""
"132";"""Hot Jokes Cold Dogs"" Improvised Jokes: Christmas Edition Part 2";"Kurtis Conner";"Jacob Sharpe";"";"";""
"133";"Spooky Jokes! Scary Dogs!";"Kurtis Conner";"Jacob Sharpe";"";"";""
"134";"Hot Jokes Cold Dogs 4: Back2School";"Kurtis Conner";"Jacob Sharpe";"";"";""
"135";"Hot Jokes Cold Dogs 3 W/ Jacob Sharpe - Spring Fling Edition";"Kurtis Conner";"Jacob Sharpe";"";"";""
"136";"Fedorable: Episode 1 Bloopers";"Kurtis Conner";"Jacob Sharpe";"";"";""
"137";"Fedorable: Episode 1  ";"Kurtis Conner";"Jacob Sharpe";"";"";""
"138";"HOT JOKES COLD DOGS: Christmas Edition";"Kurtis Conner";"Jacob Sharpe";"";"";""
"139";"HOT JOKES & COLD DOGS (FT. JACOB SHARPE)";"Kurtis Conner";"Jacob Sharpe";"";"";""
"140";"Kurtis Conner - H3 Podcast #257";"H3 Podcast";"Kurtis Conner";"";"";""
"141";"Cody Ko - H3 Podcast #211";"H3 Podcast";"Cody Ko";"";"";""
"142";"The Worst Alpha Male Podcast (with Jarvis Johnson)";"Gabi Belle";"Jarvis Johnson";"";"";""
"143";"Terribly Fake TikTok Podcasts (w/ Link Neal) | Sad Boyz";"Jarvis Johnson";"Link Neal";"";"";""
"144";"Chuckle Week 3.0 Begins! Ft. Jarvis Johnson | Chuckle Sandwich EP 80";"Chuckle Sandwich";"Jarvis Johnson";"";"";""
"145";"H3 Podcast #29 - Jacksfilms & Erik of Internet Comment Ettiquette";"H3 Podcast";"jacksfilms";"Internet Comment Etiquette";"";""
"146";"H3 Podcast #17 - Jacksfilms & Internet Comment Ettiquette";"H3 Podcast";"jacksfilms";"Internet Comment Etiquette";"";""
"147";"H3 Podcast #98 - Jacksfilms & Erik of Internet Comment Ettiquette";"H3 Podcast";"jacksfilms";"Internet Comment Etiquette";"";""
"148";"H3 Podcast #46 - Jacksfilms & Erik of Comment Ettiquette";"H3 Podcast";"jacksfilms";"Internet Comment Etiquette";"";""
"149";"Jack & Erik - H3 Podcast #168";"H3 Podcast";"jacksfilms";"Internet Comment Etiquette";"";""
"150";"H3 Podcast #64 - Jacksfilms & Erik (& Call-in from Cougar Champ)";"H3 Podcast";"jacksfilms";"Internet Comment Etiquette";"";""
"151";"H3 Podcast #19 - Jesse Wellens + Phone Interview w/ Martin Shkreli";"H3 Podcast";"jacksfilms";"Internet Comment Etiquette";"Jesse Wellens";""
"152";"H3 Podcast #66 - Youtube is Doomed, 30-Year Old Mall Ninja Evicted & Kendrick Lamar";"H3 Podcast";"jacksfilms";"Internet Comment Etiquette";"";""
"153";"This TikToker is a Menace to Society (w/ Jarvis Johnson)";"GunnarTV";"Jarvis Johnson";"";"";""
"154";"6 White People vs. 1 Imposter (w/ Jarvis Johnson)";"Jordan Adika";"Jarvis Johnson";"";"";""
"155";"Sigma TikTok Dating Advice (with Jarvis Johnson)";"Gabi Belle";"Jarvis Johnson";"";"";""
"156";"The Worst Dating Advice on TikTok (w/ Jordan Adika)";"Jarvis Johnson";"Jordan Adika";"";"";""
"157";"How is PragerU Getting Worse? (ft. Jordan Adika)";"ethanisonline";"Jordan Adika";"";"";""
"158";"Reacting to 123 Go's Awful Pranks 2";"Jarvis Johnson";"Jordan Adika";"";"";""
"159";"Ben Shapiro's Most INSANE Video | ft. Jarvis Johnson & Ethan is Online";"Jordan Adika";"Jarvis Johnson";"ethanisonline";"";""
"160";"6 Couples vs. 2 Secret Siblings (feat. Jarvis Johnson)";"Jordan Adika";"Jarvis Johnson";"";"";""
"161";"6 Black Guys vs. 1 Imposter (w/ Jarvis Johnson)";"Jordan Adika";"Jarvis Johnson";"";"";""
"162";"People Are Selling Magic Spells on Etsy (w/ Jarvis Johnson)";"Jordan Adika";"Jarvis Johnson";"";"";""
"163";"Spending Your Rent Money on Games (w/ NakeyJakey) | Sad Boyz";"Jarvis Johnson";"Jordan Adika";"NakeyJakey";"";""
"164";"We found the most racist show of all time (w/ Jordan Adika)";"Jarvis Johnson";"Jordan Adika";"";"";""
"165";"Creepy Boyfriend POVs (w/ Jordan Adika)";"Jarvis Johnson";"Jordan Adika";"";"";""
"166";"This Racist TV Show is Destroying Our Souls (w/ Jarvis Johnson)";"Jordan Adika";"Jarvis Johnson";"";"";""
"167";"Alpha Money Guru goes MASK-OFF! Ft. Jarvis Johnson";"KELGORE";"Jarvis Johnson";"";"";""
"168";"This Guy Can't Be Serious (ft. Jordan Adika & bbsmols Jarvis Reacts to the Button (Cut)";"Jarvis Johnson";"Jordan Adika";"bbsmols";"";""
"169";"Evil Kids Bully Nerd For Playing D&D (ft. Jordan Adika) | Dhar Mann Bingo 35";"Jarvis Johnson";"Jordan Adika";"";"";""
"170";"Jarvis Johnson Reacts to Moment of Truth #6 (ft. Eddy Burback)";"Jarvis Johnson";"Eddy Burback";"";"";""
"171";"Jarvis Johnson Reacts to Fact or Fiction 9 ft Addie Weyrich";"Jarvis Johnson";"Addy Weyrich";"";"";""
