Video Title,Poster,Collaberator 1,Collaborator 2,Collaborator 3,Collaborator 4
"The Worst ""Viral Videos"" with Drew Gooden",Danny Gonzalez,Drew Gooden,,,
Big Staple Ft. Danny Gonzalez & Drew Gooden,Cody Ko,Danny Gonzalez,Drew Gooden,,
Guys Talk (w/ Danny Gonzalez),Drew Gooden,Danny Gonzalez,,,
Danny Gonzalez and Drew Gooden do my makeup,Mikaela Long,Danny Gonzalez,Drew Gooden,,
Exploring Facebook Marketplace with Danny Gonzalez,Drew Gooden,Danny Gonzalez,,,
The Strangest Story On The Internet (w/ Drew Gooden),Danny Gonzalez,Drew Gooden,,,
The World's Hardest Flexer (with Danny Gonzalez),Drew Gooden,Danny Gonzalez,,,
We Are Not The Same Person,Danny Gonzalez,Drew Gooden,Kurtis Conner,,
Pretending to be Your Boyfriend (with Danny Gonzalez),Drew Gooden,Danny Gonzalez,,,
We Are Not The Same Person (MUSIC VIDEO ONLY),Danny Gonzalez,Drew Gooden,,,
Third Wheeling With Your Own Girlfriend (with Drew Gooden),Danny Gonzalez,Drew Gooden,,,
Getting Sent to the Principal's Office with Danny Gonzalez,Drew Gooden,Danny Gonzalez,,,
The Jeremy Renner App (w/ Drew Gooden),Danny Gonzalez,Drew Gooden,,,
Drew Gooden & Danny Gonzalez Goof Hour!,Vidcon,Drew Gooden,Danny Gonzalez,Kurtis Conner,
The Ultimate Commentary Video (w/ Kurtis Conner and Danny Gonzalez),Drew Gooden,Danny Gonzalez,Kurtis Conner,,
Insane Relationship TikToks (w/ Danny Gonzalez & Drew Gooden),Kurtis Conner,Drew Gooden,Danny Gonzalez,,
Pitbull's Awful Lyrics (w/ Drew Gooden and Kurtis Conner),Danny Gonzalez,Drew Gooden,Kurtis Conner,,
This is the weirdest movie I've ever seen,Drew Gooden,Kurtis Conner,Danny Gonzalez,,
YouTuber Boxing (and other things that make me laugh),Drew Gooden,Danny Gonzalez,,,
i finally made a viral tiktok sound (w/ kurtis conner),Danny Gonzalez,Kurtis Conner,,,
Super Agent ft. Danny Gonzalez - SPYFALL,Node,Danny Gonzalez,,,
Shouldn't Tell - with Cody Ko,Danny Gonzalez,Cody Ko,,,
"I spent a day with LEGENDARY MODERN YOUTUBERS (Danny Gonzalez, Drew Gooden, Joana Ceddia)",Anthony Padilla,Danny Gonzalez,Drew Gooden,Joana Ceddia,
"YouTube Stars Drew Gooden, Danny Gonzalez React to Viral Fla. Videos | NBC 6",NBC 6 South Florida,Danny Gonzalez,Drew Gooden,,
"WARM UPS - [Danny Gonzalez] Ft. J Cyrus, Cody Ko & Noel Miller",Danny Gonzalez,J Cyrus,Cody Ko,Noel Miller,
A NEW KIND OF INFLUENCER,Danny Gonzalez,Cody Ko,Nico Danilovich,,
"Awful Instagram ""Facts"" (ft. Danny Gonzalez)",Ryan Trahan,Danny Gonzalez,,,
Deeply Troubling WikiHow Articles (w/ Ryan Trahan),Danny Gonzalez,Ryan Trahan,,,
Faking a Kidnapping for Content (w/ Danny Gonzalez),Jarvis Johnson,Danny Gonzalez,,,
Guess the Wikihow Article (with Danny Gonzalez),Jacks Films,Danny Gonzalez,,,
Ranking Scary Mascots w Danny Gonzalez,Cody Ko,Danny Gonzalez,,,
How To Be A Fragrance Influencer (w/ Danny Gonzalez),nickisnotgreen,Danny Gonzalez,,,
Alpha Tips & Tricks,Chad Chad,Danny Gonzalez,,,
Becoming a Duck Influencer (w/ Danny Gonzalez) ,Jarvis Johnson,Danny Gonzalez,,,
Danny Gonzalez Hates My Favorite TikToks,Jake Doolittle,Danny Gonzalez,,,
TooTurntTony Update (w/ Danny Gonzalez),Jarvis Johnson,Danny Gonzalez,,,
Animated Stories With Very Good Nice Morals (w/ Chad Chad),Danny Gonzalez,Chad Chad,,,
How To Be A Water Influencer,nickisnotgreen,Danny Gonzalez,,,
Catching up w/ Danny Gonzalez,Cody Ko,Danny Gonzalez,,,
Very Really Good #94: The MasterClass w/ Danny Gonzalez,Kurtis Conner,Danny Gonzalez,,,
Danny Gonzalez - H3 Podcast #213,H3 Podcast,Danny Gonzalez,,,
The CRINGIEST Incel Rapper (w/ Danny Gonzalez),Ryan Beard,Danny Gonzalez,,,
Danny Gonzalez Answers the Web's Most Searched Questions,WIRED,Danny Gonzalez,,,
Trying Troom Troom's Awful Kidnapping Hacks,Danny Gonzalez,nickisnotgreen,,,
The Search For Danny Gonzalez (w/ Danny Gonzalez),Jarvis Johnson,Danny Gonzalez,Jordan Adika,,
WATERTOK: The Strangest Community on TikTok,Kurtis Conner,Danny Gonzalez,,,
We Are All The Same Person (w/ Drew Gooden),Jarvis Johnson,Drew Gooden,Jordan Adika,,
Danny Gonzalez Exclusive - Chuckle Sandwich EP 66,Chuckle Sandwich,Danny Gonzalez,,,
Partying with Danny Gonzalez (ft. Danny Gonzalez) | Foul Tip - Episode 14,TMG Studios,Danny Gonzalez,,,
Exploring NYC With The Pals (ft. Danny Gonzalez and Kurtis Conner),Jake Doolittle,Danny Gonzalez,Kurtis Conner,,
Danny Gonzalez and the Case of the Disney World Virus,Gus & Eddy Podcast,Danny Gonzalez,,,
Podcast But In Chicago (w/ @Danny-Gonzalez !),Podcast But Outside,Danny Gonzalez,,,
Meeting Paul Zimmer and Michael Gilgan,Danny Gonzalez,Paul Zimmer,Michael Gilgan,,
We Tried the Internet's Weirdest Toothbrush (w/ Drew Gooden),nickisnotgreen,Drew Gooden,,,
Is the Portal 2 Portal Purple? (w/ Danny Gonzalez) (pt.1),nickisnotgreen,Danny Gonzalez,,,
Is Buzzfeed OK? (ft. Drew Gooden),,,,,
Jarvis Johnson & Kurtis Conner Play Dhar Mann Bingo,Jarvis Johnson,Kurtis Conner,,,
"Danny & Kurtis Made a Minecraft Song!|HasanAbi, Kurtis, Austin & Danny React",Hasan,Kurtis Conner,Danny Gonzalez,Austin,
MTV's Show About 'Yo Momma' Jokes Was Low-Key Racist (w/ Kurtis Conner),Jarvis Johnson,Kurtis Conner,,,
The Laziest Content on Tiktok (w/ Chad Chad),Jarvis Johnson,Chad Chad,,,
"Last To Stop Kissing Wins $10,000 (w/ nickisnotgreen)",Jarvis Johnson,nickisnotgreen,,,
Risking Your Life for TikTok | Dhar Mann Bingo 19 ft. nickisnotgreen,Jarvis Johnson,nickisnotgreen,,,
Jarvis Johnson & Kurtis Conner React to Satanism In Pokemon (ft. Ruxin34),Jarvis Johnson,Kurtis Conner,,,
Jarvis Johnson Reacts to the Moment of Truth UFO EPISODE (ft. Kurtis Conner),Jarvis Johnson,Kurtis Conner,,,
Creepy Neighbor POVs (w/ Jarvis Johnson) ,Chad Chad,Jarvis Johnson,,,
The Epidemic of Iphone Predictions w/ Jarvis Johnson,nickisnotgreen,Jarvis Johnson,,,
Who's The Most Drunk? w/ Jarvis Johnson,nickisnotgreen,Jarvis Johnson,,,
Which Foods Taste Best Frozen? (w/ Jarvis Johnson & Elsie Fisher),nickisnotgreen,Jarvis Johnson,Elsie Fisher,,
$500 Dating Advice (w/ Kurtis Conner),nickisnotgreen,Kurtis Conner,,,
The Loudest Man On TikTok (w/ Jarvis Johnson),nickisnotgreen,Jarvis Johnson,,,
Spying On An Alabama Neighborhood w/ Chad Chad,nickisnotgreen,Chad Chad,,,
Why I Stopped Watching Casey Neistat (w/ Jarvis Johnson),nickisnotgreen,Jarvis Johnson,,,
Who is The Secret Virgin? w/ Jarvis Johnson,nickisnotgreen,Jarvis Johnson,,,
Bestie Picks Bae w/ Jarvis Johnson,nickisnotgreen,Jarvis Johnson,,,
Nick Vs. Danny: The NewsPaper Project,nickisnotgreen,Danny Gonzalez,,,
Fulfilling My Childhood Dream of Becoming a Magician,Kurtis Conner,Danny Gonzalez,Drew Gooden,,
Emergency Storytime w/ Danny Gonzalez - Very Really Good #187,Kurtis Conner,Danny Gonzalez,,,
Very Really Good #98: The Heimlich w/ Drew Gooden,Kurtis Conner,Drew Gooden,,,
DIGTOK (w/ Drew Gooden and Kurtis Conner),Danny Gonzalez,Drew Gooden,Kurtis Conner,,
Very Really Good #143: Getting Shot in the Face w/ nickisnotgreen,Kurtis Conner,nickisnotgreen,,,
Very Really Good #129: Snorlax is Very Hot (with Jarvis Johnson),Kurtis Conner,Jarvis Johnson,,,
"Playing ""Trolly Problem"" With My Friends",nickisnotgreen,Chad Chad,Jarvis Johnson,ethanisonline,Mr. Beard
Minecraft with kurtis - Danny Gonzalez Minecraft stream 2021.05.26,Danny Gonzalez,Kurtis Conner,,,
Nick kills Danny then Justice is served - Danny Gonzalez VODs,Danny Gonzalez,nickisnotgreen,,,
Fortnite with Kurtisconner - Danny Gonzalez Twitch stream,Danny Gonzalez,Kurtis Conner,,,
The Minecraft Property Brothers,Kurtis Conner,Danny Gonzalez,,,
Opening a FIRST EDITION $20k Pokemon Booster Box w/ Jarvis Johnson,Kurtis Conner,Jarvis Johnson,,,
WE FOUND A WOODLAND MANSION,Kurtis Conner,Jarvis Johnson,Danny Gonzalez,,
the baddies are fighting,Kurtis Conner,Danny Gonzalez,nickisnotgreen,Jarvis Johnson,Elsie Fisher
the end.,Kurtis Conner,Danny Gonzalez,,,
I finally did it…,Kurtis Conner,Danny Gonzalez,,,
the endless hunt for ENDER pearls,Kurtis Conner,Danny Gonzalez,,,
I cannot stop dying,Kurtis Conner,Danny Gonzalez,,,
we finally found a fortress!,Kurtis Conner,Danny Gonzalez,,,
will the baddies ever find blaze rods?,Kurtis Conner,Danny Gonzalez,,,
my first trip to the nether,Kurtis Conner,Danny Gonzalez,,,
the baddies go treasure hunting,Kurtis Conner,Danny Gonzalez,,,
The Most Embaressing College Story (w/ Chad Chad),nickisnotgreen,Chad Chad,,,
MTV's Weirdest Daring Show (w/ Danny Gonzalez),Kurtis Conner,Danny Gonzalez,,,
Horrifying Home Design (w/ Chad Chad),Jarvis Johnson,Chad Chad,,,
Horrifying Home Design 2 (w/ Chad Chad),Jarvis Johnson,Chad Chad,,,
Becoming Dominant Men (w/ Kurtis Conner) | Sad Boyz,Jarvis Johnson,Kurtis Conner,Jordan Adika,,
Ladylike TikTok is Cringe (w/ Chad Chad) | Sad Boyz,Jarvis Johnson,Chad Chad,,,
birthday surprise!!,Danny Gonzalez,Kurtis Conner,,,
Conservative Wikipedia is Unhinged (ft. Chad Chad),ethanisonline,Chad Chad,,,
Massive BAZONGAS | Deranged DMs ft. @thechadx2,abelina sabrina,Chad Chad,Gabi Belle,,
The King of Motivational TikToks (w/ TheAsherShow),Chad Chad,TheAsherShow,,,
Room Raiders Was A Gay Fever Dream w/ Chad Chad,Annamarie Forcino,Chad Chad,,,
Chad Chad Reacts to TikToks Weirdest Secrets.,TheAsherShow,Chad Chad,,,
"These are the worst TikTok ""Pickup Artists"" w/chad chad",TheAsherShow,Chad Chad,,,
The Worse Dating Show On Neflix. (Sexy Beasts) ft. ChadChad,TheAsherShow,Chad Chad,,,
Welcome Sister Chad Chad | The Fellowship Covenant Podcast #4,nickisnotgreen,Chad Chad,ethanisonline,,
Drew Gooden Loves My Cursed TikToks,Jake Doolittle,Drew Gooden,,,
A Song for Drew Gooden,Paint,Drew Gooden,,,
People Keep Stealing Our Merch,Drew Gooden,Eddy Burback,,,
"Drew Gooden Turned Down $10,000 (ft. Drew Gooden) | Foul Tip - Episode 13",TMG Studios,Drew Gooden,,,
Drew Gooden Answers the Web's Most Searched Questions | WIRED,WIRED,Drew Gooden,,,
The Cringiest E-Boy On Instagram (ft. Kurtis Conner),James Marriot,Kurtis Conner,,,
The Cringiest Religious Family on TikTok (ft. Kurtis Conner),James Marriot,Kurtis Conner,,,
Finding the Song of The Summer w/ @kurtisconner,Saji Sharma,Kurtis Conner,,,
Hottest Mario Character? w/ Kurtis Conner,Jacob Sharpe,Kurtis Conner,,,
The Alpha Male Side of TikTok (ft. Kurtis Conner),James Marriot,Kurtis Conner,,,
The Weirdest Divorce Ever w/ Kurtis Conner,Cody Ko,Kurtis Conner,,,
Youtube Couples Are Getting Out of Hand,Kurtis Conner,Jacob Sharpe,,,
World's Worst TikToks w/ Kurtis Conner,Cody Ko,Kurtis Conner,,,
Debunking Urban Legends w/ Jacob Sharpe,Kurtis Conner,Jacob Sharpe,,,
Checking in With Sebastian Bails,Kurtis Conner,Jacob Sharpe,,,
That Weird TikTok Couple is Way Worse Than We Thought,Kurtis Conner,Jacob Sharpe,,,
Pranking Your Girlfriend Every Single Day,Kurtis Conner,Jacob Sharpe,,,
WE DID A SHOW IN MY HOMETOWN,Kurtis Conner,Jacob Sharpe,,,
The Coin Flip,Kurtis Conner,Jacob Sharpe,Dean,,
"""Hot Jokes Cold Dogs"" Improvised Jokes: Christmas Edition Part 2",Kurtis Conner,Jacob Sharpe,,,
Spooky Jokes! Scary Dogs!,Kurtis Conner,Jacob Sharpe,,,
Hot Jokes Cold Dogs 4: Back2School,Kurtis Conner,Jacob Sharpe,,,
Hot Jokes Cold Dogs 3 W/ Jacob Sharpe - Spring Fling Edition,Kurtis Conner,Jacob Sharpe,,,
Fedorable: Episode 1 Bloopers,Kurtis Conner,Jacob Sharpe,,,
Fedorable: Episode 1  ,Kurtis Conner,Jacob Sharpe,,,
HOT JOKES COLD DOGS: Christmas Edition,Kurtis Conner,Jacob Sharpe,,,
HOT JOKES & COLD DOGS (FT. JACOB SHARPE),Kurtis Conner,Jacob Sharpe,,,
Kurtis Conner - H3 Podcast #257,H3 Podcast,Kurtis Conner,,,
Cody Ko - H3 Podcast #211,H3 Podcast,Cody Ko,,,
The Worst Alpha Male Podcast (with Jarvis Johnson),Gabi Belle,Jarvis Johnson,,,
Terribly Fake TikTok Podcasts (w/ Link Neal) | Sad Boyz,Jarvis Johnson,Link Neal,,,
Chuckle Week 3.0 Begins! Ft. Jarvis Johnson | Chuckle Sandwich EP 80,Chuckle Sandwich,Jarvis Johnson,,,
H3 Podcast #29 - Jacksfilms & Erik of Internet Comment Ettiquette,H3 Podcast,jacksfilms,Internet Comment Etiquette,,
H3 Podcast #17 - Jacksfilms & Internet Comment Ettiquette,H3 Podcast,jacksfilms,Internet Comment Etiquette,,
H3 Podcast #98 - Jacksfilms & Erik of Internet Comment Ettiquette,H3 Podcast,jacksfilms,Internet Comment Etiquette,,
H3 Podcast #46 - Jacksfilms & Erik of Comment Ettiquette,H3 Podcast,jacksfilms,Internet Comment Etiquette,,
Jack & Erik - H3 Podcast #168,H3 Podcast,jacksfilms,Internet Comment Etiquette,,
H3 Podcast #64 - Jacksfilms & Erik (& Call-in from Cougar Champ),H3 Podcast,jacksfilms,Internet Comment Etiquette,,
H3 Podcast #19 - Jesse Wellens + Phone Interview w/ Martin Shkreli,H3 Podcast,jacksfilms,Internet Comment Etiquette,Jesse Wellens,
"H3 Podcast #66 - Youtube is Doomed, 30-Year Old Mall Ninja Evicted & Kendrick Lamar",H3 Podcast,jacksfilms,Internet Comment Etiquette,,
This TikToker is a Menace to Society (w/ Jarvis Johnson),GunnarTV,Jarvis Johnson,,,
6 White People vs. 1 Imposter (w/ Jarvis Johnson),Jordan Adika,Jarvis Johnson,,,
Sigma TikTok Dating Advice (with Jarvis Johnson),Gabi Belle,Jarvis Johnson,,,
The Worst Dating Advice on TikTok (w/ Jordan Adika),Jarvis Johnson,Jordan Adika,,,
How is PragerU Getting Worse? (ft. Jordan Adika),ethanisonline,Jordan Adika,,,
Reacting to 123 Go's Awful Pranks 2,Jarvis Johnson,Jordan Adika,,,
Ben Shapiro's Most INSANE Video | ft. Jarvis Johnson & Ethan is Online,Jordan Adika,Jarvis Johnson,ethanisonline,,
6 Couples vs. 2 Secret Siblings (feat. Jarvis Johnson),Jordan Adika,Jarvis Johnson,,,
6 Black Guys vs. 1 Imposter (w/ Jarvis Johnson),Jordan Adika,Jarvis Johnson,,,
People Are Selling Magic Spells on Etsy (w/ Jarvis Johnson),Jordan Adika,Jarvis Johnson,,,
Spending Your Rent Money on Games (w/ NakeyJakey) | Sad Boyz,Jarvis Johnson,Jordan Adika,NakeyJakey,,
We found the most racist show of all time (w/ Jordan Adika),Jarvis Johnson,Jordan Adika,,,
Creepy Boyfriend POVs (w/ Jordan Adika),Jarvis Johnson,Jordan Adika,,,
This Racist TV Show is Destroying Our Souls (w/ Jarvis Johnson),Jordan Adika,Jarvis Johnson,,,
Alpha Money Guru goes MASK-OFF! Ft. Jarvis Johnson,KELGORE,Jarvis Johnson,,,
This Guy Can't Be Serious (ft. Jordan Adika & bbsmols Jarvis Reacts to the Button (Cut),Jarvis Johnson,Jordan Adika,bbsmols,,
Evil Kids Bully Nerd For Playing D&D (ft. Jordan Adika) | Dhar Mann Bingo 35,Jarvis Johnson,Jordan Adika,,,
Jarvis Johnson Reacts to Moment of Truth #6 (ft. Eddy Burback),Jarvis Johnson,Eddy Burback,,,
Jarvis Johnson Reacts to Fact or Fiction 9 ft Addie Weyrich,Jarvis Johnson,Addy Weyrich,,,